{
  "status": "HISTORICAL_PROVISIONAL_PRIOR_DATASET",
  "generated_at": "2026-07-13T14:26:05.152381+00:00",
  "dataset_sha256": "56975dfcfc05b8f952e96637c27ceb8d5e48c5fcb3e7ccebb8f67c164bfe14c4",
  "input_chunk_sha256": "3ce4672b64f0928796693ac8e1f1836acb043d380d9fa4e7e4c9d718835317b7",
  "provenance_note": "Historical benchmark retained against the pre-review dataset checksum; metrics were not recomputed or modified.",
  "provider": "gemini_openai_compatible",
  "model": "gemini-3.1-flash-lite",
  "collection": "labor_law_chunks",
  "top_k": 5,
  "completed_questions": 50,
  "failed_questions": 19,
  "citation_metrics": {
    "citation_existence_rate": 1.0,
    "article_citation_accuracy": 1.0,
    "clause_citation_accuracy": 1.0,
    "out_of_scope_rejection_rate": 1.0,
    "out_of_scope_citation_leakage_rate": 0.0
  },
  "retrieval_latency": {
    "mean_ms": 514.7543903219611,
    "median_ms": 214.82619999733288,
    "p95_ms": 244.12770000344608
  },
  "generation_latency": {
    "mean_ms": 1211.0910935476686,
    "median_ms": 1109.5020000066143,
    "p95_ms": 1910.8931999944616
  },
  "total_latency": {
    "mean_ms": 1798.9825960004237,
    "median_ms": 1669.3086000013864,
    "p95_ms": 2105.4597000038484
  }
}
