configuration,selection_split,recall_at_5,mrr,hit_rate_at_1,mean_latency_ms,p95_latency_ms,error_rate
B0_DENSE_NO_RERANK,week4_provenance_all,1.0,0.928125,0.875,389.3337937497563,266.50579999841284,0.0
B1_H2_NO_RERANK,week4_provenance_all,1.0,0.9010416666666666,0.8125,234.71567812703142,259.09979999414645,0.0
R1_DENSE_RERANK,dev,1.0,0.9772727272727273,0.9545454545454546,6171.726759094533,9873.114599991823,0.0
R2_H2_RERANK,test_once,1.0,1.0,1.0,6565.830639999922,14116.495400000076,0.0
